{"coco/bbox_mAP": 0.331, "coco/bbox_mAP_50": 0.534, "coco/bbox_mAP_75": 0.346, "coco/bbox_mAP_s": 0.06, "coco/bbox_mAP_m": 0.199, "coco/bbox_mAP_l": 0.412, "data_time": 0.0026059237358450698, "time": 0.05288764357759417}