{"coco/bbox_mAP": 0.316, "coco/bbox_mAP_50": 0.597, "coco/bbox_mAP_75": 0.297, "coco/bbox_mAP_s": 0.05, "coco/bbox_mAP_m": 0.193, "coco/bbox_mAP_l": 0.398, "data_time": 0.001999466215081284, "time": 0.030252502114784353}